USE [TheSpaceCoffee]
GO
SET IDENTITY_INSERT [dbo].[tbNhomSanPham] ON 

INSERT [dbo].[tbNhomSanPham] ([MaNhomSP], [TenNhomSP]) VALUES (1, N'Cà phê')
INSERT [dbo].[tbNhomSanPham] ([MaNhomSP], [TenNhomSP]) VALUES (2, N'Trà')
INSERT [dbo].[tbNhomSanPham] ([MaNhomSP], [TenNhomSP]) VALUES (3, N'Trà s?a')
INSERT [dbo].[tbNhomSanPham] ([MaNhomSP], [TenNhomSP]) VALUES (4, N'Nu?c ép/Sinh t?')
INSERT [dbo].[tbNhomSanPham] ([MaNhomSP], [TenNhomSP]) VALUES (5, N'Các lo?i d? u?ng khác')
SET IDENTITY_INSERT [dbo].[tbNhomSanPham] OFF
GO
SET IDENTITY_INSERT [dbo].[tbSanPham] ON 

INSERT [dbo].[tbSanPham] ([MaSanPham], [TenSanPham], [GiaBan], [MoTa], [HinhAnh], [GhiChu], [MaNhomSP]) VALUES (1, N'Cà phê s?a dá', 39000.0000, N'Cà phê là th?c u?ng tuy?t v?i cho nh?ng ngu?i yêu thích huong v? d?m dà và nang lu?ng bùng n?. Cà phê du?c làm t? h?t cà phê rang xay, có ch?a caffeine và các ch?t ch?ng oxy hóa có l?i cho s?c kh?e. B?n có th? thu?ng th?c cà phê theo nhi?u cách khác nhau, t? cà phê den don gi?n d?n cà phê s?a dá ng?t ngào, hay cà phê latte béo ng?y. Cà phê là b?n d?ng hành lý tu?ng cho m?i bu?i sáng, giúp b?n t?nh táo và s?n sàng cho m?t ngày m?i. Hãy th? cà phê ngay hôm nay và c?m nh?n s? khác bi?t!', N'ca-phe-sua-da.jpeg', NULL, 1)
INSERT [dbo].[tbSanPham] ([MaSanPham], [TenSanPham], [GiaBan], [MoTa], [HinhAnh], [GhiChu], [MaNhomSP]) VALUES (2, N'Cà phê s?a nóng', 39000.0000, N'Cà phê là th?c u?ng tuy?t v?i cho nh?ng ngu?i yêu thích huong v? d?m dà và nang lu?ng bùng n?. Cà phê du?c làm t? h?t cà phê rang xay, có ch?a caffeine và các ch?t ch?ng oxy hóa có l?i cho s?c kh?e. B?n có th? thu?ng th?c cà phê theo nhi?u cách khác nhau, t? cà phê den don gi?n d?n cà phê s?a dá ng?t ngào, hay cà phê latte béo ng?y. Cà phê là b?n d?ng hành lý tu?ng cho m?i bu?i sáng, giúp b?n t?nh táo và s?n sàng cho m?t ngày m?i. Hãy th? cà phê ngay hôm nay và c?m nh?n s? khác bi?t!', N'ca-phe-sua-nong.jpeg', NULL, 1)
INSERT [dbo].[tbSanPham] ([MaSanPham], [TenSanPham], [GiaBan], [MoTa], [HinhAnh], [GhiChu], [MaNhomSP]) VALUES (3, N'B?c x?u dá', 29000.0000, N'Cà phê là th?c u?ng tuy?t v?i cho nh?ng ngu?i yêu thích huong v? d?m dà và nang lu?ng bùng n?. Cà phê du?c làm t? h?t cà phê rang xay, có ch?a caffeine và các ch?t ch?ng oxy hóa có l?i cho s?c kh?e. B?n có th? thu?ng th?c cà phê theo nhi?u cách khác nhau, t? cà phê den don gi?n d?n cà phê s?a dá ng?t ngào, hay cà phê latte béo ng?y. Cà phê là b?n d?ng hành lý tu?ng cho m?i bu?i sáng, giúp b?n t?nh táo và s?n sàng cho m?t ngày m?i. Hãy th? cà phê ngay hôm nay và c?m nh?n s? khác bi?t!', N'bac-xiu-da.jpeg', NULL, 1)
INSERT [dbo].[tbSanPham] ([MaSanPham], [TenSanPham], [GiaBan], [MoTa], [HinhAnh], [GhiChu], [MaNhomSP]) VALUES (4, N'B?c x?u nóng', 39000.0000, N'Cà phê là th?c u?ng tuy?t v?i cho nh?ng ngu?i yêu thích huong v? d?m dà và nang lu?ng bùng n?. Cà phê du?c làm t? h?t cà phê rang xay, có ch?a caffeine và các ch?t ch?ng oxy hóa có l?i cho s?c kh?e. B?n có th? thu?ng th?c cà phê theo nhi?u cách khác nhau, t? cà phê den don gi?n d?n cà phê s?a dá ng?t ngào, hay cà phê latte béo ng?y. Cà phê là b?n d?ng hành lý tu?ng cho m?i bu?i sáng, giúp b?n t?nh táo và s?n sàng cho m?t ngày m?i. Hãy th? cà phê ngay hôm nay và c?m nh?n s? khác bi?t!', N'bac-xiu-nong.jpeg', NULL, 1)
INSERT [dbo].[tbSanPham] ([MaSanPham], [TenSanPham], [GiaBan], [MoTa], [HinhAnh], [GhiChu], [MaNhomSP]) VALUES (5, N'Cà phê den', 29000.0000, N'Cà phê là th?c u?ng tuy?t v?i cho nh?ng ngu?i yêu thích huong v? d?m dà và nang lu?ng bùng n?. Cà phê du?c làm t? h?t cà phê rang xay, có ch?a caffeine và các ch?t ch?ng oxy hóa có l?i cho s?c kh?e. B?n có th? thu?ng th?c cà phê theo nhi?u cách khác nhau, t? cà phê den don gi?n d?n cà phê s?a dá ng?t ngào, hay cà phê latte béo ng?y. Cà phê là b?n d?ng hành lý tu?ng cho m?i bu?i sáng, giúp b?n t?nh táo và s?n sàng cho m?t ngày m?i. Hãy th? cà phê ngay hôm nay và c?m nh?n s? khác bi?t!', N'ca-phe-den.jpeg', NULL, 1)
INSERT [dbo].[tbSanPham] ([MaSanPham], [TenSanPham], [GiaBan], [MoTa], [HinhAnh], [GhiChu], [MaNhomSP]) VALUES (6, N'Cà phê den nóng', 39000.0000, N'Cà phê là th?c u?ng tuy?t v?i cho nh?ng ngu?i yêu thích huong v? d?m dà và nang lu?ng bùng n?. Cà phê du?c làm t? h?t cà phê rang xay, có ch?a caffeine và các ch?t ch?ng oxy hóa có l?i cho s?c kh?e. B?n có th? thu?ng th?c cà phê theo nhi?u cách khác nhau, t? cà phê den don gi?n d?n cà phê s?a dá ng?t ngào, hay cà phê latte béo ng?y. Cà phê là b?n d?ng hành lý tu?ng cho m?i bu?i sáng, giúp b?n t?nh táo và s?n sàng cho m?t ngày m?i. Hãy th? cà phê ngay hôm nay và c?m nh?n s? khác bi?t!', N'ca-phe-den-nong.jpeg', NULL, 1)
INSERT [dbo].[tbSanPham] ([MaSanPham], [TenSanPham], [GiaBan], [MoTa], [HinhAnh], [GhiChu], [MaNhomSP]) VALUES (7, N'Caramel Macchiato dá', 55000.0000, N'Cà phê là th?c u?ng tuy?t v?i cho nh?ng ngu?i yêu thích huong v? d?m dà và nang lu?ng bùng n?. Cà phê du?c làm t? h?t cà phê rang xay, có ch?a caffeine và các ch?t ch?ng oxy hóa có l?i cho s?c kh?e. B?n có th? thu?ng th?c cà phê theo nhi?u cách khác nhau, t? cà phê den don gi?n d?n cà phê s?a dá ng?t ngào, hay cà phê latte béo ng?y. Cà phê là b?n d?ng hành lý tu?ng cho m?i bu?i sáng, giúp b?n t?nh táo và s?n sàng cho m?t ngày m?i. Hãy th? cà phê ngay hôm nay và c?m nh?n s? khác bi?t!', N'caramel-macchiato-da.jpeg', NULL, 1)
INSERT [dbo].[tbSanPham] ([MaSanPham], [TenSanPham], [GiaBan], [MoTa], [HinhAnh], [GhiChu], [MaNhomSP]) VALUES (8, N'Caramel Macchiato nóng', 55000.0000, N'Cà phê là th?c u?ng tuy?t v?i cho nh?ng ngu?i yêu thích huong v? d?m dà và nang lu?ng bùng n?. Cà phê du?c làm t? h?t cà phê rang xay, có ch?a caffeine và các ch?t ch?ng oxy hóa có l?i cho s?c kh?e. B?n có th? thu?ng th?c cà phê theo nhi?u cách khác nhau, t? cà phê den don gi?n d?n cà phê s?a dá ng?t ngào, hay cà phê latte béo ng?y. Cà phê là b?n d?ng hành lý tu?ng cho m?i bu?i sáng, giúp b?n t?nh táo và s?n sàng cho m?t ngày m?i. Hãy th? cà phê ngay hôm nay và c?m nh?n s? khác bi?t!', N'caramel-macchiato-nong.jpeg', NULL, 1)
INSERT [dbo].[tbSanPham] ([MaSanPham], [TenSanPham], [GiaBan], [MoTa], [HinhAnh], [GhiChu], [MaNhomSP]) VALUES (9, N'Latte dá', 55000.0000, N'Cà phê là th?c u?ng tuy?t v?i cho nh?ng ngu?i yêu thích huong v? d?m dà và nang lu?ng bùng n?. Cà phê du?c làm t? h?t cà phê rang xay, có ch?a caffeine và các ch?t ch?ng oxy hóa có l?i cho s?c kh?e. B?n có th? thu?ng th?c cà phê theo nhi?u cách khác nhau, t? cà phê den don gi?n d?n cà phê s?a dá ng?t ngào, hay cà phê latte béo ng?y. Cà phê là b?n d?ng hành lý tu?ng cho m?i bu?i sáng, giúp b?n t?nh táo và s?n sàng cho m?t ngày m?i. Hãy th? cà phê ngay hôm nay và c?m nh?n s? khác bi?t!', N'latte-da.jpeg', NULL, 1)
INSERT [dbo].[tbSanPham] ([MaSanPham], [TenSanPham], [GiaBan], [MoTa], [HinhAnh], [GhiChu], [MaNhomSP]) VALUES (10, N'Latte nóng', 55000.0000, N'Cà phê là th?c u?ng tuy?t v?i cho nh?ng ngu?i yêu thích huong v? d?m dà và nang lu?ng bùng n?. Cà phê du?c làm t? h?t cà phê rang xay, có ch?a caffeine và các ch?t ch?ng oxy hóa có l?i cho s?c kh?e. B?n có th? thu?ng th?c cà phê theo nhi?u cách khác nhau, t? cà phê den don gi?n d?n cà phê s?a dá ng?t ngào, hay cà phê latte béo ng?y. Cà phê là b?n d?ng hành lý tu?ng cho m?i bu?i sáng, giúp b?n t?nh táo và s?n sàng cho m?t ngày m?i. Hãy th? cà phê ngay hôm nay và c?m nh?n s? khác bi?t!', N'latte-nong.jpeg', NULL, 1)
INSERT [dbo].[tbSanPham] ([MaSanPham], [TenSanPham], [GiaBan], [MoTa], [HinhAnh], [GhiChu], [MaNhomSP]) VALUES (11, N'Americano dá', 45000.0000, N'Cà phê là th?c u?ng tuy?t v?i cho nh?ng ngu?i yêu thích huong v? d?m dà và nang lu?ng bùng n?. Cà phê du?c làm t? h?t cà phê rang xay, có ch?a caffeine và các ch?t ch?ng oxy hóa có l?i cho s?c kh?e. B?n có th? thu?ng th?c cà phê theo nhi?u cách khác nhau, t? cà phê den don gi?n d?n cà phê s?a dá ng?t ngào, hay cà phê latte béo ng?y. Cà phê là b?n d?ng hành lý tu?ng cho m?i bu?i sáng, giúp b?n t?nh táo và s?n sàng cho m?t ngày m?i. Hãy th? cà phê ngay hôm nay và c?m nh?n s? khác bi?t!', N'americano-da.jpeg', NULL, 1)
INSERT [dbo].[tbSanPham] ([MaSanPham], [TenSanPham], [GiaBan], [MoTa], [HinhAnh], [GhiChu], [MaNhomSP]) VALUES (12, N'Americano nóng', 45000.0000, N'Cà phê là th?c u?ng tuy?t v?i cho nh?ng ngu?i yêu thích huong v? d?m dà và nang lu?ng bùng n?. Cà phê du?c làm t? h?t cà phê rang xay, có ch?a caffeine và các ch?t ch?ng oxy hóa có l?i cho s?c kh?e. B?n có th? thu?ng th?c cà phê theo nhi?u cách khác nhau, t? cà phê den don gi?n d?n cà phê s?a dá ng?t ngào, hay cà phê latte béo ng?y. Cà phê là b?n d?ng hành lý tu?ng cho m?i bu?i sáng, giúp b?n t?nh táo và s?n sàng cho m?t ngày m?i. Hãy th? cà phê ngay hôm nay và c?m nh?n s? khác bi?t!', N'americano-nong.jpeg', NULL, 1)
INSERT [dbo].[tbSanPham] ([MaSanPham], [TenSanPham], [GiaBan], [MoTa], [HinhAnh], [GhiChu], [MaNhomSP]) VALUES (13, N'Capucchino dá', 55000.0000, N'Cà phê là th?c u?ng tuy?t v?i cho nh?ng ngu?i yêu thích huong v? d?m dà và nang lu?ng bùng n?. Cà phê du?c làm t? h?t cà phê rang xay, có ch?a caffeine và các ch?t ch?ng oxy hóa có l?i cho s?c kh?e. B?n có th? thu?ng th?c cà phê theo nhi?u cách khác nhau, t? cà phê den don gi?n d?n cà phê s?a dá ng?t ngào, hay cà phê latte béo ng?y. Cà phê là b?n d?ng hành lý tu?ng cho m?i bu?i sáng, giúp b?n t?nh táo và s?n sàng cho m?t ngày m?i. Hãy th? cà phê ngay hôm nay và c?m nh?n s? khác bi?t!', N'capucchino-da.jpeg', NULL, 1)
INSERT [dbo].[tbSanPham] ([MaSanPham], [TenSanPham], [GiaBan], [MoTa], [HinhAnh], [GhiChu], [MaNhomSP]) VALUES (14, N'Capucchino nóng', 55000.0000, N'Cà phê là th?c u?ng tuy?t v?i cho nh?ng ngu?i yêu thích huong v? d?m dà và nang lu?ng bùng n?. Cà phê du?c làm t? h?t cà phê rang xay, có ch?a caffeine và các ch?t ch?ng oxy hóa có l?i cho s?c kh?e. B?n có th? thu?ng th?c cà phê theo nhi?u cách khác nhau, t? cà phê den don gi?n d?n cà phê s?a dá ng?t ngào, hay cà phê latte béo ng?y. Cà phê là b?n d?ng hành lý tu?ng cho m?i bu?i sáng, giúp b?n t?nh táo và s?n sàng cho m?t ngày m?i. Hãy th? cà phê ngay hôm nay và c?m nh?n s? khác bi?t!', N'capucchino-nong.jpeg', NULL, 1)
INSERT [dbo].[tbSanPham] ([MaSanPham], [TenSanPham], [GiaBan], [MoTa], [HinhAnh], [GhiChu], [MaNhomSP]) VALUES (15, N'Espresso dá', 49000.0000, N'Cà phê là th?c u?ng tuy?t v?i cho nh?ng ngu?i yêu thích huong v? d?m dà và nang lu?ng bùng n?. Cà phê du?c làm t? h?t cà phê rang xay, có ch?a caffeine và các ch?t ch?ng oxy hóa có l?i cho s?c kh?e. B?n có th? thu?ng th?c cà phê theo nhi?u cách khác nhau, t? cà phê den don gi?n d?n cà phê s?a dá ng?t ngào, hay cà phê latte béo ng?y. Cà phê là b?n d?ng hành lý tu?ng cho m?i bu?i sáng, giúp b?n t?nh táo và s?n sàng cho m?t ngày m?i. Hãy th? cà phê ngay hôm nay và c?m nh?n s? khác bi?t!', N'espresso-da.jpeg', NULL, 1)
INSERT [dbo].[tbSanPham] ([MaSanPham], [TenSanPham], [GiaBan], [MoTa], [HinhAnh], [GhiChu], [MaNhomSP]) VALUES (16, N'Espresso nóng', 45000.0000, N'Cà phê là th?c u?ng tuy?t v?i cho nh?ng ngu?i yêu thích huong v? d?m dà và nang lu?ng bùng n?. Cà phê du?c làm t? h?t cà phê rang xay, có ch?a caffeine và các ch?t ch?ng oxy hóa có l?i cho s?c kh?e. B?n có th? thu?ng th?c cà phê theo nhi?u cách khác nhau, t? cà phê den don gi?n d?n cà phê s?a dá ng?t ngào, hay cà phê latte béo ng?y. Cà phê là b?n d?ng hành lý tu?ng cho m?i bu?i sáng, giúp b?n t?nh táo và s?n sàng cho m?t ngày m?i. Hãy th? cà phê ngay hôm nay và c?m nh?n s? khác bi?t!', N'espresso-nong.jpeg', NULL, 1)
INSERT [dbo].[tbSanPham] ([MaSanPham], [TenSanPham], [GiaBan], [MoTa], [HinhAnh], [GhiChu], [MaNhomSP]) VALUES (17, N'Cold Brew truy?n th?ng', 45000.0000, N'Cà phê là th?c u?ng tuy?t v?i cho nh?ng ngu?i yêu thích huong v? d?m dà và nang lu?ng bùng n?. Cà phê du?c làm t? h?t cà phê rang xay, có ch?a caffeine và các ch?t ch?ng oxy hóa có l?i cho s?c kh?e. B?n có th? thu?ng th?c cà phê theo nhi?u cách khác nhau, t? cà phê den don gi?n d?n cà phê s?a dá ng?t ngào, hay cà phê latte béo ng?y. Cà phê là b?n d?ng hành lý tu?ng cho m?i bu?i sáng, giúp b?n t?nh táo và s?n sàng cho m?t ngày m?i. Hãy th? cà phê ngay hôm nay và c?m nh?n s? khác bi?t!', N'cold-brew-truyen-thong.jpeg', NULL, 1)
INSERT [dbo].[tbSanPham] ([MaSanPham], [TenSanPham], [GiaBan], [MoTa], [HinhAnh], [GhiChu], [MaNhomSP]) VALUES (18, N'Cold Brew s?a tuoi', 49000.0000, N'Cà phê là th?c u?ng tuy?t v?i cho nh?ng ngu?i yêu thích huong v? d?m dà và nang lu?ng bùng n?. Cà phê du?c làm t? h?t cà phê rang xay, có ch?a caffeine và các ch?t ch?ng oxy hóa có l?i cho s?c kh?e. B?n có th? thu?ng th?c cà phê theo nhi?u cách khác nhau, t? cà phê den don gi?n d?n cà phê s?a dá ng?t ngào, hay cà phê latte béo ng?y. Cà phê là b?n d?ng hành lý tu?ng cho m?i bu?i sáng, giúp b?n t?nh táo và s?n sàng cho m?t ngày m?i. Hãy th? cà phê ngay hôm nay và c?m nh?n s? khác bi?t!', N'cold-brew-sua-tuoi.jpeg', NULL, 1)
INSERT [dbo].[tbSanPham] ([MaSanPham], [TenSanPham], [GiaBan], [MoTa], [HinhAnh], [GhiChu], [MaNhomSP]) VALUES (19, N'Cacao nóng', 30000.0000, N'Cacao nóng là m?t lo?i th?c u?ng ?m áp và thom ngon, du?c làm t? b?t cacao ho?c sô cô la tan ch?y v?i s?a ho?c nu?c. B?n có th? thêm du?ng, b?t qu?, kem tuoi ho?c các nguyên li?u khác d? tang huong v? và d? béo. Cacao nóng có nhi?u l?i ích cho s?c kh?e nhu cung c?p ch?t ch?ng oxy hóa, tang cu?ng tu?n hoàn máu, gi?m dau nh?c và c?i thi?n tinh th?n. Cacao nóng là m?t l?a ch?n tuy?t v?i cho nh?ng ngu?i yêu thích th?c u?ng ?m nóng và ng?t ngào.', N'cacao-nong.jpeg', NULL, 5)
INSERT [dbo].[tbSanPham] ([MaSanPham], [TenSanPham], [GiaBan], [MoTa], [HinhAnh], [GhiChu], [MaNhomSP]) VALUES (20, N'S?a chua m?n', 28000.0000, N'S?a chua là m?t lo?i th?c ph?m ngon mi?ng và t?t cho s?c kh?e, du?c làm t? s?a tuoi ho?c s?a b?t lên men v?i vi sinh v?t có l?i. B?n có th? ch?n nhi?u huong v? khác nhau nhu chanh, dâu, vi?t qu?t, xoài, nho ho?c k?t h?p nhi?u lo?i trái cây l?i v?i nhau. S?a chua có nhi?u l?i ích cho s?c kh?e nhu cung c?p canxi, protein, probiotic và vitamin, giúp tiêu hóa t?t, tang cu?ng h? mi?n d?ch và ngan ng?a nhi?m trùng. S?a chua là m?t l?a ch?n hoàn h?o cho nh?ng ngu?i yêu thích th?c ph?m mát l?nh và giàu dinh du?ng.', N'sua-chua-man.jpeg', NULL, 5)
INSERT [dbo].[tbSanPham] ([MaSanPham], [TenSanPham], [GiaBan], [MoTa], [HinhAnh], [GhiChu], [MaNhomSP]) VALUES (21, N'S?a chua dâu', 28000.0000, N'S?a chua là m?t lo?i th?c ph?m ngon mi?ng và t?t cho s?c kh?e, du?c làm t? s?a tuoi ho?c s?a b?t lên men v?i vi sinh v?t có l?i. B?n có th? ch?n nhi?u huong v? khác nhau nhu chanh, dâu, vi?t qu?t, xoài, nho ho?c k?t h?p nhi?u lo?i trái cây l?i v?i nhau. S?a chua có nhi?u l?i ích cho s?c kh?e nhu cung c?p canxi, protein, probiotic và vitamin, giúp tiêu hóa t?t, tang cu?ng h? mi?n d?ch và ngan ng?a nhi?m trùng. S?a chua là m?t l?a ch?n hoàn h?o cho nh?ng ngu?i yêu thích th?c ph?m mát l?nh và giàu dinh du?ng.', N'sua-chua-dau.jpeg', NULL, 5)
INSERT [dbo].[tbSanPham] ([MaSanPham], [TenSanPham], [GiaBan], [MoTa], [HinhAnh], [GhiChu], [MaNhomSP]) VALUES (22, N'Nu?c táo ép', 45000.0000, N'Nu?c ép sinh t? trái cây là m?t lo?i th?c u?ng tuoi mát và ngon lành, du?c làm t? các lo?i trái cây tuoi ho?c dông l?nh xay nhuy?n v?i nu?c, s?a ho?c kem. B?n có th? ch?n nhi?u huong v? khác nhau nhu dâu, cam, chu?i, xoài, d?a, kiwi ho?c k?t h?p nhi?u lo?i trái cây l?i v?i nhau. Nu?c ép sinh t? trái cây có nhi?u l?i ích cho s?c kh?e nhu cung c?p vitamin, khoáng ch?t, ch?t xo và ch?t ch?ng oxy hóa, giúp thanh l?c co th?, tang cu?ng nang lu?ng và làm d?p da. Nu?c ép sinh t? trái cây là m?t l?a ch?n hoàn h?o cho nh?ng ngu?i yêu thích th?c u?ng t? nhiên và d?y dinh du?ng.', N'nuoc-tao-ep.jpeg', NULL, 4)
INSERT [dbo].[tbSanPham] ([MaSanPham], [TenSanPham], [GiaBan], [MoTa], [HinhAnh], [GhiChu], [MaNhomSP]) VALUES (23, N'Nu?c dâu ép', 45000.0000, N'Nu?c ép sinh t? trái cây là m?t lo?i th?c u?ng tuoi mát và ngon lành, du?c làm t? các lo?i trái cây tuoi ho?c dông l?nh xay nhuy?n v?i nu?c, s?a ho?c kem. B?n có th? ch?n nhi?u huong v? khác nhau nhu dâu, cam, chu?i, xoài, d?a, kiwi ho?c k?t h?p nhi?u lo?i trái cây l?i v?i nhau. Nu?c ép sinh t? trái cây có nhi?u l?i ích cho s?c kh?e nhu cung c?p vitamin, khoáng ch?t, ch?t xo và ch?t ch?ng oxy hóa, giúp thanh l?c co th?, tang cu?ng nang lu?ng và làm d?p da. Nu?c ép sinh t? trái cây là m?t l?a ch?n hoàn h?o cho nh?ng ngu?i yêu thích th?c u?ng t? nhiên và d?y dinh du?ng.', N'nuoc-dau-ep.jpeg', NULL, 4)
INSERT [dbo].[tbSanPham] ([MaSanPham], [TenSanPham], [GiaBan], [MoTa], [HinhAnh], [GhiChu], [MaNhomSP]) VALUES (24, N'Nu?c cam ép', 45000.0000, N'Nu?c ép sinh t? trái cây là m?t lo?i th?c u?ng tuoi mát và ngon lành, du?c làm t? các lo?i trái cây tuoi ho?c dông l?nh xay nhuy?n v?i nu?c, s?a ho?c kem. B?n có th? ch?n nhi?u huong v? khác nhau nhu dâu, cam, chu?i, xoài, d?a, kiwi ho?c k?t h?p nhi?u lo?i trái cây l?i v?i nhau. Nu?c ép sinh t? trái cây có nhi?u l?i ích cho s?c kh?e nhu cung c?p vitamin, khoáng ch?t, ch?t xo và ch?t ch?ng oxy hóa, giúp thanh l?c co th?, tang cu?ng nang lu?ng và làm d?p da. Nu?c ép sinh t? trái cây là m?t l?a ch?n hoàn h?o cho nh?ng ngu?i yêu thích th?c u?ng t? nhiên và d?y dinh du?ng.', N'nuoc-cam-ep.jpeg', NULL, 4)
INSERT [dbo].[tbSanPham] ([MaSanPham], [TenSanPham], [GiaBan], [MoTa], [HinhAnh], [GhiChu], [MaNhomSP]) VALUES (25, N'Sinh t? chanh', 50000.0000, N'Nu?c ép sinh t? trái cây là m?t lo?i th?c u?ng tuoi mát và ngon lành, du?c làm t? các lo?i trái cây tuoi ho?c dông l?nh xay nhuy?n v?i nu?c, s?a ho?c kem. B?n có th? ch?n nhi?u huong v? khác nhau nhu dâu, cam, chu?i, xoài, d?a, kiwi ho?c k?t h?p nhi?u lo?i trái cây l?i v?i nhau. Nu?c ép sinh t? trái cây có nhi?u l?i ích cho s?c kh?e nhu cung c?p vitamin, khoáng ch?t, ch?t xo và ch?t ch?ng oxy hóa, giúp thanh l?c co th?, tang cu?ng nang lu?ng và làm d?p da. Nu?c ép sinh t? trái cây là m?t l?a ch?n hoàn h?o cho nh?ng ngu?i yêu thích th?c u?ng t? nhiên và d?y dinh du?ng.', N'sinh-to-chanh.jpeg', NULL, 4)
INSERT [dbo].[tbSanPham] ([MaSanPham], [TenSanPham], [GiaBan], [MoTa], [HinhAnh], [GhiChu], [MaNhomSP]) VALUES (26, N'Sinh t? dâu', 55000.0000, N'Nu?c ép sinh t? trái cây là m?t lo?i th?c u?ng tuoi mát và ngon lành, du?c làm t? các lo?i trái cây tuoi ho?c dông l?nh xay nhuy?n v?i nu?c, s?a ho?c kem. B?n có th? ch?n nhi?u huong v? khác nhau nhu dâu, cam, chu?i, xoài, d?a, kiwi ho?c k?t h?p nhi?u lo?i trái cây l?i v?i nhau. Nu?c ép sinh t? trái cây có nhi?u l?i ích cho s?c kh?e nhu cung c?p vitamin, khoáng ch?t, ch?t xo và ch?t ch?ng oxy hóa, giúp thanh l?c co th?, tang cu?ng nang lu?ng và làm d?p da. Nu?c ép sinh t? trái cây là m?t l?a ch?n hoàn h?o cho nh?ng ngu?i yêu thích th?c u?ng t? nhiên và d?y dinh du?ng.', N'sinh-to-dau.jpeg', NULL, 4)
INSERT [dbo].[tbSanPham] ([MaSanPham], [TenSanPham], [GiaBan], [MoTa], [HinhAnh], [GhiChu], [MaNhomSP]) VALUES (27, N'Sinh t? xoài', 55000.0000, N'Nu?c ép sinh t? trái cây là m?t lo?i th?c u?ng tuoi mát và ngon lành, du?c làm t? các lo?i trái cây tuoi ho?c dông l?nh xay nhuy?n v?i nu?c, s?a ho?c kem. B?n có th? ch?n nhi?u huong v? khác nhau nhu dâu, cam, chu?i, xoài, d?a, kiwi ho?c k?t h?p nhi?u lo?i trái cây l?i v?i nhau. Nu?c ép sinh t? trái cây có nhi?u l?i ích cho s?c kh?e nhu cung c?p vitamin, khoáng ch?t, ch?t xo và ch?t ch?ng oxy hóa, giúp thanh l?c co th?, tang cu?ng nang lu?ng và làm d?p da. Nu?c ép sinh t? trái cây là m?t l?a ch?n hoàn h?o cho nh?ng ngu?i yêu thích th?c u?ng t? nhiên và d?y dinh du?ng.', N'sinh-to-xoai.jpeg', NULL, 4)
INSERT [dbo].[tbSanPham] ([MaSanPham], [TenSanPham], [GiaBan], [MoTa], [HinhAnh], [GhiChu], [MaNhomSP]) VALUES (28, N'Trà s?a', 20000.0000, N'Trà s?a là m?t lo?i th?c u?ng ngon mi?ng và b? du?ng, du?c làm t? trà den ho?c trà xanh pha v?i s?a tuoi ho?c s?a d?c. B?n có th? thêm du?ng, kem, trân châu, th?ch ho?c các nguyên li?u khác d? tang huong v? và d? ng?t. Trà s?a có nhi?u l?i ích cho s?c kh?e nhu cung c?p ch?t ch?ng oxy hóa, tang cu?ng h? mi?n d?ch, gi?m cang th?ng và c?i thi?n tâm tr?ng. Trà s?a là m?t l?a ch?n tuy?t v?i cho nh?ng ngu?i yêu thích th?c u?ng mát l?nh và béo ng?y.', N'tra-sua.jpeg', NULL, 3)
INSERT [dbo].[tbSanPham] ([MaSanPham], [TenSanPham], [GiaBan], [MoTa], [HinhAnh], [GhiChu], [MaNhomSP]) VALUES (29, N'Trà s?a phô mai tuoi', 28000.0000, N'Trà s?a là m?t lo?i th?c u?ng ngon mi?ng và b? du?ng, du?c làm t? trà den ho?c trà xanh pha v?i s?a tuoi ho?c s?a d?c. B?n có th? thêm du?ng, kem, trân châu, th?ch ho?c các nguyên li?u khác d? tang huong v? và d? ng?t. Trà s?a có nhi?u l?i ích cho s?c kh?e nhu cung c?p ch?t ch?ng oxy hóa, tang cu?ng h? mi?n d?ch, gi?m cang th?ng và c?i thi?n tâm tr?ng. Trà s?a là m?t l?a ch?n tuy?t v?i cho nh?ng ngu?i yêu thích th?c u?ng mát l?nh và béo ng?y.', N'tra-sua-pho-mai-tuoi.jpeg', NULL, 3)
INSERT [dbo].[tbSanPham] ([MaSanPham], [TenSanPham], [GiaBan], [MoTa], [HinhAnh], [GhiChu], [MaNhomSP]) VALUES (30, N'Trà s?a matcha', 40000.0000, N'Trà s?a là m?t lo?i th?c u?ng ngon mi?ng và b? du?ng, du?c làm t? trà den ho?c trà xanh pha v?i s?a tuoi ho?c s?a d?c. B?n có th? thêm du?ng, kem, trân châu, th?ch ho?c các nguyên li?u khác d? tang huong v? và d? ng?t. Trà s?a có nhi?u l?i ích cho s?c kh?e nhu cung c?p ch?t ch?ng oxy hóa, tang cu?ng h? mi?n d?ch, gi?m cang th?ng và c?i thi?n tâm tr?ng. Trà s?a là m?t l?a ch?n tuy?t v?i cho nh?ng ngu?i yêu thích th?c u?ng mát l?nh và béo ng?y.', N'tra-sua-matcha.jpeg', NULL, 3)
INSERT [dbo].[tbSanPham] ([MaSanPham], [TenSanPham], [GiaBan], [MoTa], [HinhAnh], [GhiChu], [MaNhomSP]) VALUES (31, N'Trà s?a Ô Long', 22000.0000, N'Trà s?a là m?t lo?i th?c u?ng ngon mi?ng và b? du?ng, du?c làm t? trà den ho?c trà xanh pha v?i s?a tuoi ho?c s?a d?c. B?n có th? thêm du?ng, kem, trân châu, th?ch ho?c các nguyên li?u khác d? tang huong v? và d? ng?t. Trà s?a có nhi?u l?i ích cho s?c kh?e nhu cung c?p ch?t ch?ng oxy hóa, tang cu?ng h? mi?n d?ch, gi?m cang th?ng và c?i thi?n tâm tr?ng. Trà s?a là m?t l?a ch?n tuy?t v?i cho nh?ng ngu?i yêu thích th?c u?ng mát l?nh và béo ng?y.', N'tra-sua-o-long.jpeg', NULL, 3)
INSERT [dbo].[tbSanPham] ([MaSanPham], [TenSanPham], [GiaBan], [MoTa], [HinhAnh], [GhiChu], [MaNhomSP]) VALUES (32, N'Trà s?a Sô cô la', 22000.0000, N'Trà s?a là m?t lo?i th?c u?ng ngon mi?ng và b? du?ng, du?c làm t? trà den ho?c trà xanh pha v?i s?a tuoi ho?c s?a d?c. B?n có th? thêm du?ng, kem, trân châu, th?ch ho?c các nguyên li?u khác d? tang huong v? và d? ng?t. Trà s?a có nhi?u l?i ích cho s?c kh?e nhu cung c?p ch?t ch?ng oxy hóa, tang cu?ng h? mi?n d?ch, gi?m cang th?ng và c?i thi?n tâm tr?ng. Trà s?a là m?t l?a ch?n tuy?t v?i cho nh?ng ngu?i yêu thích th?c u?ng mát l?nh và béo ng?y.', N'tra-sua-so-co-la.jpeg', NULL, 3)
INSERT [dbo].[tbSanPham] ([MaSanPham], [TenSanPham], [GiaBan], [MoTa], [HinhAnh], [GhiChu], [MaNhomSP]) VALUES (33, N'Trà s?a b?c hà', 22000.0000, N'Trà s?a là m?t lo?i th?c u?ng ngon mi?ng và b? du?ng, du?c làm t? trà den ho?c trà xanh pha v?i s?a tuoi ho?c s?a d?c. B?n có th? thêm du?ng, kem, trân châu, th?ch ho?c các nguyên li?u khác d? tang huong v? và d? ng?t. Trà s?a có nhi?u l?i ích cho s?c kh?e nhu cung c?p ch?t ch?ng oxy hóa, tang cu?ng h? mi?n d?ch, gi?m cang th?ng và c?i thi?n tâm tr?ng. Trà s?a là m?t l?a ch?n tuy?t v?i cho nh?ng ngu?i yêu thích th?c u?ng mát l?nh và béo ng?y.', N'tra-sua-bac-ha.jpeg', NULL, 3)
INSERT [dbo].[tbSanPham] ([MaSanPham], [TenSanPham], [GiaBan], [MoTa], [HinhAnh], [GhiChu], [MaNhomSP]) VALUES (34, N'Trà s?a dâu tây', 22000.0000, N'Trà s?a là m?t lo?i th?c u?ng ngon mi?ng và b? du?ng, du?c làm t? trà den ho?c trà xanh pha v?i s?a tuoi ho?c s?a d?c. B?n có th? thêm du?ng, kem, trân châu, th?ch ho?c các nguyên li?u khác d? tang huong v? và d? ng?t. Trà s?a có nhi?u l?i ích cho s?c kh?e nhu cung c?p ch?t ch?ng oxy hóa, tang cu?ng h? mi?n d?ch, gi?m cang th?ng và c?i thi?n tâm tr?ng. Trà s?a là m?t l?a ch?n tuy?t v?i cho nh?ng ngu?i yêu thích th?c u?ng mát l?nh và béo ng?y.', N'tra-sua-dau-tay.jpeg', NULL, 3)
INSERT [dbo].[tbSanPham] ([MaSanPham], [TenSanPham], [GiaBan], [MoTa], [HinhAnh], [GhiChu], [MaNhomSP]) VALUES (35, N'Trà nhãn', 50000.0000, N'Trà là th?c u?ng thanh mát và thom ngon cho nh?ng ngu?i yêu thích s? nh? nhàng và d?u êm. Trà du?c làm t? lá trà phoi khô, có ch?a các ch?t ch?ng oxy hóa và flavonoid có l?i cho s?c kh?e. B?n có th? thu?ng th?c trà theo nhi?u cách khác nhau, t? trà xanh don gi?n d?n trà s?a trân châu d?y h?p d?n, hay trà hoa qu? nhi?u màu s?c. Trà là b?n d?ng hành lý tu?ng cho m?i bu?i chi?u, giúp b?n thu giãn và xua tan m?t m?i. Hãy th? trà ngay hôm nay và c?m nh?n s? khác bi?t!', N'tra-nhan.jpeg', NULL, 2)
INSERT [dbo].[tbSanPham] ([MaSanPham], [TenSanPham], [GiaBan], [MoTa], [HinhAnh], [GhiChu], [MaNhomSP]) VALUES (36, N'Trà v?i', 50000.0000, N'Trà là th?c u?ng thanh mát và thom ngon cho nh?ng ngu?i yêu thích s? nh? nhàng và d?u êm. Trà du?c làm t? lá trà phoi khô, có ch?a các ch?t ch?ng oxy hóa và flavonoid có l?i cho s?c kh?e. B?n có th? thu?ng th?c trà theo nhi?u cách khác nhau, t? trà xanh don gi?n d?n trà s?a trân châu d?y h?p d?n, hay trà hoa qu? nhi?u màu s?c. Trà là b?n d?ng hành lý tu?ng cho m?i bu?i chi?u, giúp b?n thu giãn và xua tan m?t m?i. Hãy th? trà ngay hôm nay và c?m nh?n s? khác bi?t!', N'tra-vai.jpeg', NULL, 2)
INSERT [dbo].[tbSanPham] ([MaSanPham], [TenSanPham], [GiaBan], [MoTa], [HinhAnh], [GhiChu], [MaNhomSP]) VALUES (37, N'Trà lài', 50000.0000, N'Trà là th?c u?ng thanh mát và thom ngon cho nh?ng ngu?i yêu thích s? nh? nhàng và d?u êm. Trà du?c làm t? lá trà phoi khô, có ch?a các ch?t ch?ng oxy hóa và flavonoid có l?i cho s?c kh?e. B?n có th? thu?ng th?c trà theo nhi?u cách khác nhau, t? trà xanh don gi?n d?n trà s?a trân châu d?y h?p d?n, hay trà hoa qu? nhi?u màu s?c. Trà là b?n d?ng hành lý tu?ng cho m?i bu?i chi?u, giúp b?n thu giãn và xua tan m?t m?i. Hãy th? trà ngay hôm nay và c?m nh?n s? khác bi?t!', N'tra-lai.jpg', NULL, 2)
INSERT [dbo].[tbSanPham] ([MaSanPham], [TenSanPham], [GiaBan], [MoTa], [HinhAnh], [GhiChu], [MaNhomSP]) VALUES (38, N'H?ng trà', 70000.0000, N'Trà là th?c u?ng thanh mát và thom ngon cho nh?ng ngu?i yêu thích s? nh? nhàng và d?u êm. Trà du?c làm t? lá trà phoi khô, có ch?a các ch?t ch?ng oxy hóa và flavonoid có l?i cho s?c kh?e. B?n có th? thu?ng th?c trà theo nhi?u cách khác nhau, t? trà xanh don gi?n d?n trà s?a trân châu d?y h?p d?n, hay trà hoa qu? nhi?u màu s?c. Trà là b?n d?ng hành lý tu?ng cho m?i bu?i chi?u, giúp b?n thu giãn và xua tan m?t m?i. Hãy th? trà ngay hôm nay và c?m nh?n s? khác bi?t!', N'hong-tra.png', NULL, 2)
INSERT [dbo].[tbSanPham] ([MaSanPham], [TenSanPham], [GiaBan], [MoTa], [HinhAnh], [GhiChu], [MaNhomSP]) VALUES (39, N'Trà dào', 50000.0000, N'Trà là th?c u?ng thanh mát và thom ngon cho nh?ng ngu?i yêu thích s? nh? nhàng và d?u êm. Trà du?c làm t? lá trà phoi khô, có ch?a các ch?t ch?ng oxy hóa và flavonoid có l?i cho s?c kh?e. B?n có th? thu?ng th?c trà theo nhi?u cách khác nhau, t? trà xanh don gi?n d?n trà s?a trân châu d?y h?p d?n, hay trà hoa qu? nhi?u màu s?c. Trà là b?n d?ng hành lý tu?ng cho m?i bu?i chi?u, giúp b?n thu giãn và xua tan m?t m?i. Hãy th? trà ngay hôm nay và c?m nh?n s? khác bi?t!', N'tra-dao.jpeg', NULL, 2)
INSERT [dbo].[tbSanPham] ([MaSanPham], [TenSanPham], [GiaBan], [MoTa], [HinhAnh], [GhiChu], [MaNhomSP]) VALUES (40, N'H?ng trà chanh', 40000.0000, N'Trà là th?c u?ng thanh mát và thom ngon cho nh?ng ngu?i yêu thích s? nh? nhàng và d?u êm. Trà du?c làm t? lá trà phoi khô, có ch?a các ch?t ch?ng oxy hóa và flavonoid có l?i cho s?c kh?e. B?n có th? thu?ng th?c trà theo nhi?u cách khác nhau, t? trà xanh don gi?n d?n trà s?a trân châu d?y h?p d?n, hay trà hoa qu? nhi?u màu s?c. Trà là b?n d?ng hành lý tu?ng cho m?i bu?i chi?u, giúp b?n thu giãn và xua tan m?t m?i. Hãy th? trà ngay hôm nay và c?m nh?n s? khác bi?t!', N'hong-tra-chanh.jpeg', NULL, 2)
INSERT [dbo].[tbSanPham] ([MaSanPham], [TenSanPham], [GiaBan], [MoTa], [HinhAnh], [GhiChu], [MaNhomSP]) VALUES (41, N'Trà hoa h?ng', 50000.0000, N'Trà là th?c u?ng thanh mát và thom ngon cho nh?ng ngu?i yêu thích s? nh? nhàng và d?u êm. Trà du?c làm t? lá trà phoi khô, có ch?a các ch?t ch?ng oxy hóa và flavonoid có l?i cho s?c kh?e. B?n có th? thu?ng th?c trà theo nhi?u cách khác nhau, t? trà xanh don gi?n d?n trà s?a trân châu d?y h?p d?n, hay trà hoa qu? nhi?u màu s?c. Trà là b?n d?ng hành lý tu?ng cho m?i bu?i chi?u, giúp b?n thu giãn và xua tan m?t m?i. Hãy th? trà ngay hôm nay và c?m nh?n s? khác bi?t!', N'tra-hoa-hong.jpeg', NULL, 2)
INSERT [dbo].[tbSanPham] ([MaSanPham], [TenSanPham], [GiaBan], [MoTa], [HinhAnh], [GhiChu], [MaNhomSP]) VALUES (42, N'Trà dào s?a', 40000.0000, N'Trà là th?c u?ng thanh mát và thom ngon cho nh?ng ngu?i yêu thích s? nh? nhàng và d?u êm. Trà du?c làm t? lá trà phoi khô, có ch?a các ch?t ch?ng oxy hóa và flavonoid có l?i cho s?c kh?e. B?n có th? thu?ng th?c trà theo nhi?u cách khác nhau, t? trà xanh don gi?n d?n trà s?a trân châu d?y h?p d?n, hay trà hoa qu? nhi?u màu s?c. Trà là b?n d?ng hành lý tu?ng cho m?i bu?i chi?u, giúp b?n thu giãn và xua tan m?t m?i. Hãy th? trà ngay hôm nay và c?m nh?n s? khác bi?t!', N'tra-dao-sua.jpeg', NULL, 2)
INSERT [dbo].[tbSanPham] ([MaSanPham], [TenSanPham], [GiaBan], [MoTa], [HinhAnh], [GhiChu], [MaNhomSP]) VALUES (43, N'Trà chanh', 25000.0000, N'Trà là th?c u?ng thanh mát và thom ngon cho nh?ng ngu?i yêu thích s? nh? nhàng và d?u êm. Trà du?c làm t? lá trà phoi khô, có ch?a các ch?t ch?ng oxy hóa và flavonoid có l?i cho s?c kh?e. B?n có th? thu?ng th?c trà theo nhi?u cách khác nhau, t? trà xanh don gi?n d?n trà s?a trân châu d?y h?p d?n, hay trà hoa qu? nhi?u màu s?c. Trà là b?n d?ng hành lý tu?ng cho m?i bu?i chi?u, giúp b?n thu giãn và xua tan m?t m?i. Hãy th? trà ngay hôm nay và c?m nh?n s? khác bi?t!', N'tra-chanh.jpeg', NULL, 2)
INSERT [dbo].[tbSanPham] ([MaSanPham], [TenSanPham], [GiaBan], [MoTa], [HinhAnh], [GhiChu], [MaNhomSP]) VALUES (44, N'Trà dào dâu tây', 28000.0000, N'Trà là th?c u?ng thanh mát và thom ngon cho nh?ng ngu?i yêu thích s? nh? nhàng và d?u êm. Trà du?c làm t? lá trà phoi khô, có ch?a các ch?t ch?ng oxy hóa và flavonoid có l?i cho s?c kh?e. B?n có th? thu?ng th?c trà theo nhi?u cách khác nhau, t? trà xanh don gi?n d?n trà s?a trân châu d?y h?p d?n, hay trà hoa qu? nhi?u màu s?c. Trà là b?n d?ng hành lý tu?ng cho m?i bu?i chi?u, giúp b?n thu giãn và xua tan m?t m?i. Hãy th? trà ngay hôm nay và c?m nh?n s? khác bi?t!', N'tra-dao-dau-tay.jpeg', NULL, 2)
INSERT [dbo].[tbSanPham] ([MaSanPham], [TenSanPham], [GiaBan], [MoTa], [HinhAnh], [GhiChu], [MaNhomSP]) VALUES (45, N'Trà dào bu?i', 28000.0000, N'Trà là th?c u?ng thanh mát và thom ngon cho nh?ng ngu?i yêu thích s? nh? nhàng và d?u êm. Trà du?c làm t? lá trà phoi khô, có ch?a các ch?t ch?ng oxy hóa và flavonoid có l?i cho s?c kh?e. B?n có th? thu?ng th?c trà theo nhi?u cách khác nhau, t? trà xanh don gi?n d?n trà s?a trân châu d?y h?p d?n, hay trà hoa qu? nhi?u màu s?c. Trà là b?n d?ng hành lý tu?ng cho m?i bu?i chi?u, giúp b?n thu giãn và xua tan m?t m?i. Hãy th? trà ngay hôm nay và c?m nh?n s? khác bi?t!', N'tra-dao-buoi.jpeg', NULL, 2)
INSERT [dbo].[tbSanPham] ([MaSanPham], [TenSanPham], [GiaBan], [MoTa], [HinhAnh], [GhiChu], [MaNhomSP]) VALUES (46, N'Trà xoài', 28000.0000, N'Trà là th?c u?ng thanh mát và thom ngon cho nh?ng ngu?i yêu thích s? nh? nhàng và d?u êm. Trà du?c làm t? lá trà phoi khô, có ch?a các ch?t ch?ng oxy hóa và flavonoid có l?i cho s?c kh?e. B?n có th? thu?ng th?c trà theo nhi?u cách khác nhau, t? trà xanh don gi?n d?n trà s?a trân châu d?y h?p d?n, hay trà hoa qu? nhi?u màu s?c. Trà là b?n d?ng hành lý tu?ng cho m?i bu?i chi?u, giúp b?n thu giãn và xua tan m?t m?i. Hãy th? trà ngay hôm nay và c?m nh?n s? khác bi?t!', N'tra-xoai.jpeg', NULL, 2)
INSERT [dbo].[tbSanPham] ([MaSanPham], [TenSanPham], [GiaBan], [MoTa], [HinhAnh], [GhiChu], [MaNhomSP]) VALUES (47, N'Trà m?n h?t sen', 28000.0000, N'Trà là th?c u?ng thanh mát và thom ngon cho nh?ng ngu?i yêu thích s? nh? nhàng và d?u êm. Trà du?c làm t? lá trà phoi khô, có ch?a các ch?t ch?ng oxy hóa và flavonoid có l?i cho s?c kh?e. B?n có th? thu?ng th?c trà theo nhi?u cách khác nhau, t? trà xanh don gi?n d?n trà s?a trân châu d?y h?p d?n, hay trà hoa qu? nhi?u màu s?c. Trà là b?n d?ng hành lý tu?ng cho m?i bu?i chi?u, giúp b?n thu giãn và xua tan m?t m?i. Hãy th? trà ngay hôm nay và c?m nh?n s? khác bi?t!', N'tra-man-hat-sen.jpg', NULL, 2)
INSERT [dbo].[tbSanPham] ([MaSanPham], [TenSanPham], [GiaBan], [MoTa], [HinhAnh], [GhiChu], [MaNhomSP]) VALUES (48, N'H?ng trà bu?i m?t ong', 28000.0000, N'Trà là th?c u?ng thanh mát và thom ngon cho nh?ng ngu?i yêu thích s? nh? nhàng và d?u êm. Trà du?c làm t? lá trà phoi khô, có ch?a các ch?t ch?ng oxy hóa và flavonoid có l?i cho s?c kh?e. B?n có th? thu?ng th?c trà theo nhi?u cách khác nhau, t? trà xanh don gi?n d?n trà s?a trân châu d?y h?p d?n, hay trà hoa qu? nhi?u màu s?c. Trà là b?n d?ng hành lý tu?ng cho m?i bu?i chi?u, giúp b?n thu giãn và xua tan m?t m?i. Hãy th? trà ngay hôm nay và c?m nh?n s? khác bi?t!', N'hong-tra-buoi-mat-ong.jpeg', NULL, 2)
INSERT [dbo].[tbSanPham] ([MaSanPham], [TenSanPham], [GiaBan], [MoTa], [HinhAnh], [GhiChu], [MaNhomSP]) VALUES (49, N'Trà d?a', 28000.0000, N'Trà là th?c u?ng thanh mát và thom ngon cho nh?ng ngu?i yêu thích s? nh? nhàng và d?u êm. Trà du?c làm t? lá trà phoi khô, có ch?a các ch?t ch?ng oxy hóa và flavonoid có l?i cho s?c kh?e. B?n có th? thu?ng th?c trà theo nhi?u cách khác nhau, t? trà xanh don gi?n d?n trà s?a trân châu d?y h?p d?n, hay trà hoa qu? nhi?u màu s?c. Trà là b?n d?ng hành lý tu?ng cho m?i bu?i chi?u, giúp b?n thu giãn và xua tan m?t m?i. Hãy th? trà ngay hôm nay và c?m nh?n s? khác bi?t!', N'tra-dua.jpeg', NULL, 2)
INSERT [dbo].[tbSanPham] ([MaSanPham], [TenSanPham], [GiaBan], [MoTa], [HinhAnh], [GhiChu], [MaNhomSP]) VALUES (50, N'Trà Ô Long dâu', 50000.0000, N'Trà là th?c u?ng thanh mát và thom ngon cho nh?ng ngu?i yêu thích s? nh? nhàng và d?u êm. Trà du?c làm t? lá trà phoi khô, có ch?a các ch?t ch?ng oxy hóa và flavonoid có l?i cho s?c kh?e. B?n có th? thu?ng th?c trà theo nhi?u cách khác nhau, t? trà xanh don gi?n d?n trà s?a trân châu d?y h?p d?n, hay trà hoa qu? nhi?u màu s?c. Trà là b?n d?ng hành lý tu?ng cho m?i bu?i chi?u, giúp b?n thu giãn và xua tan m?t m?i. Hãy th? trà ngay hôm nay và c?m nh?n s? khác bi?t!', N'tra-o-long-dau.jpeg', NULL, 2)
INSERT [dbo].[tbSanPham] ([MaSanPham], [TenSanPham], [GiaBan], [MoTa], [HinhAnh], [GhiChu], [MaNhomSP]) VALUES (51, N'Trà Ô Long s?a', 45000.0000, N'Trà là th?c u?ng thanh mát và thom ngon cho nh?ng ngu?i yêu thích s? nh? nhàng và d?u êm. Trà du?c làm t? lá trà phoi khô, có ch?a các ch?t ch?ng oxy hóa và flavonoid có l?i cho s?c kh?e. B?n có th? thu?ng th?c trà theo nhi?u cách khác nhau, t? trà xanh don gi?n d?n trà s?a trân châu d?y h?p d?n, hay trà hoa qu? nhi?u màu s?c. Trà là b?n d?ng hành lý tu?ng cho m?i bu?i chi?u, giúp b?n thu giãn và xua tan m?t m?i. Hãy th? trà ngay hôm nay và c?m nh?n s? khác bi?t!', N'tra-o-long-sua.jpeg', NULL, 2)
INSERT [dbo].[tbSanPham] ([MaSanPham], [TenSanPham], [GiaBan], [MoTa], [HinhAnh], [GhiChu], [MaNhomSP]) VALUES (52, N'Trà Ô Long mãng c?u', 54000.0000, N'Trà là th?c u?ng thanh mát và thom ngon cho nh?ng ngu?i yêu thích s? nh? nhàng và d?u êm. Trà du?c làm t? lá trà phoi khô, có ch?a các ch?t ch?ng oxy hóa và flavonoid có l?i cho s?c kh?e. B?n có th? thu?ng th?c trà theo nhi?u cách khác nhau, t? trà xanh don gi?n d?n trà s?a trân châu d?y h?p d?n, hay trà hoa qu? nhi?u màu s?c. Trà là b?n d?ng hành lý tu?ng cho m?i bu?i chi?u, giúp b?n thu giãn và xua tan m?t m?i. Hãy th? trà ngay hôm nay và c?m nh?n s? khác bi?t!', N'tra-o-long-mang-cau.jpeg', NULL, 2)
INSERT [dbo].[tbSanPham] ([MaSanPham], [TenSanPham], [GiaBan], [MoTa], [HinhAnh], [GhiChu], [MaNhomSP]) VALUES (53, N'Trà Ô Long trân châu', 49000.0000, N'Trà là th?c u?ng thanh mát và thom ngon cho nh?ng ngu?i yêu thích s? nh? nhàng và d?u êm. Trà du?c làm t? lá trà phoi khô, có ch?a các ch?t ch?ng oxy hóa và flavonoid có l?i cho s?c kh?e. B?n có th? thu?ng th?c trà theo nhi?u cách khác nhau, t? trà xanh don gi?n d?n trà s?a trân châu d?y h?p d?n, hay trà hoa qu? nhi?u màu s?c. Trà là b?n d?ng hành lý tu?ng cho m?i bu?i chi?u, giúp b?n thu giãn và xua tan m?t m?i. Hãy th? trà ngay hôm nay và c?m nh?n s? khác bi?t!', N'tra-o-long-tran-chau.jpeg', NULL, 2)
INSERT [dbo].[tbSanPham] ([MaSanPham], [TenSanPham], [GiaBan], [MoTa], [HinhAnh], [GhiChu], [MaNhomSP]) VALUES (54, N'Matcha', 45000.0000, N'Trà là th?c u?ng thanh mát và thom ngon cho nh?ng ngu?i yêu thích s? nh? nhàng và d?u êm. Trà du?c làm t? lá trà phoi khô, có ch?a các ch?t ch?ng oxy hóa và flavonoid có l?i cho s?c kh?e. B?n có th? thu?ng th?c trà theo nhi?u cách khác nhau, t? trà xanh don gi?n d?n trà s?a trân châu d?y h?p d?n, hay trà hoa qu? nhi?u màu s?c. Trà là b?n d?ng hành lý tu?ng cho m?i bu?i chi?u, giúp b?n thu giãn và xua tan m?t m?i. Hãy th? trà ngay hôm nay và c?m nh?n s? khác bi?t!', N'matcha.jpeg', NULL, 2)
INSERT [dbo].[tbSanPham] ([MaSanPham], [TenSanPham], [GiaBan], [MoTa], [HinhAnh], [GhiChu], [MaNhomSP]) VALUES (55, N'Matcha d?u d?', 49000.0000, N'Trà là th?c u?ng thanh mát và thom ngon cho nh?ng ngu?i yêu thích s? nh? nhàng và d?u êm. Trà du?c làm t? lá trà phoi khô, có ch?a các ch?t ch?ng oxy hóa và flavonoid có l?i cho s?c kh?e. B?n có th? thu?ng th?c trà theo nhi?u cách khác nhau, t? trà xanh don gi?n d?n trà s?a trân châu d?y h?p d?n, hay trà hoa qu? nhi?u màu s?c. Trà là b?n d?ng hành lý tu?ng cho m?i bu?i chi?u, giúp b?n thu giãn và xua tan m?t m?i. Hãy th? trà ngay hôm nay và c?m nh?n s? khác bi?t!', N'matcha-dau-do.jpg', NULL, 2)
SET IDENTITY_INSERT [dbo].[tbSanPham] OFF
GO
INSERT [dbo].[tbChiTietHoaDonBan] ([MaHoaDon], [MaSanPham], [GiaBan], [GiamGia], [SoLuong], [ThanhTien]) VALUES (N'21672d0c-073a-48e1-952e-cbda87fe3e78', 8, 55000.0000, 0, 1, 55000.0000)
GO
SET IDENTITY_INSERT [dbo].[tbQuanTriVien] ON 

INSERT [dbo].[tbQuanTriVien] ([Id], [TenNguoiDung], [MatKhau]) VALUES (1, N'admin', N'8c6976e5b5410415bde908bd4dee15dfb167a9c873fc4bb8a81f6f2ab448a918')
SET IDENTITY_INSERT [dbo].[tbQuanTriVien] OFF
GO
SET IDENTITY_INSERT [dbo].[tbTinTuc] ON 

INSERT [dbo].[tbTinTuc] ([MaTinTuc], [TieuDe], [NgayDang], [NoiDung], [HinhAnh]) VALUES (1, N'Chào m?ng d?n v?i THE SPACE COFFEE', CAST(N'2023-01-20' AS Date), N'C?a hàng cà phê THE SPACE COFFEE là m?t d?a di?m thu?ng th?c cà phê d?c dáo và sáng t?o, v?i không gian thi?t k? theo phong cách vu tr? hi?n d?i và ?n tu?ng.
C?a hàng cà phê THE SPACE COFFEE cung c?p nhi?u lo?i cà phê ch?t lu?ng cao, du?c ch?n l?c t? nh?ng h?t cà phê tuoi ngon nh?t và rang xay t?i ch?. B?n có th? thu?ng th?c nh?ng ly cà phê d?m dà và thom ngon, v?i nhi?u huong v? khác nhau nhu cà phê s?a, cappuccino, latte, mocha, americano, espresso hay cold brew.
Ngoài ra, c?a hàng cà phê The Space Coffee còn có nhi?u lo?i th?c u?ng khác nhu trà, sinh t?, nu?c ép, soda và các món an nh? nhu bánh ng?t, bánh mì, sandwich, salad và pizza. B?n có th? l?a ch?n th?c u?ng và món an theo s? thích và kh?u v? c?a mình.
C?a hàng cà phê THE SPACE COFFEE là m?t noi lý tu?ng d? b?n có nh?ng giây phút thu giãn và t?n hu?ng cu?c s?ng. B?n có th? d?n dây d? h?c t?p, làm vi?c, g?p g? b?n bè, h?n hò hay t? ch?c các s? ki?n và ti?c nh?. C?a hàng cà phê THE SPACE COFFEE luôn s?n sàng ph?c v? b?n v?i thái d? nhi?t tình và chuyên nghi?p.', N'tt00001.jpg')
INSERT [dbo].[tbTinTuc] ([MaTinTuc], [TieuDe], [NgayDang], [NoiDung], [HinhAnh]) VALUES (2, N'Uu dãi l?n d?u c?a chúng tôi', CAST(N'2023-01-21' AS Date), N'B?n là m?t tín d? c?a cà phê và yêu thích không gian vu tr?? B?n mu?n có nh?ng tr?i nghi?m m?i l? và thú v? khi thu?ng th?c cà phê? N?u v?y, b?n không th? b? qua co h?i h?p d?n này t? c?a hàng cà phê THE SPACE COFFEE.

Ch? trong tháng 4 này, c?a hàng cà phê THE SPACE COFFEE dành t?ng cho b?n nhi?u uu dãi h?p d?n nhu sau:

Gi?m giá 20% cho t?t c? các lo?i cà phê khi mua mang v? ho?c giao hàng t?n noi.
T?ng m?t ly cà phê mi?n phí cho khách hàng khi mua hai ly cà phê b?t k?.
T?ng m?t phi?u quà t?ng tr? giá 100.000 d?ng cho khách hàng khi tích luy d? 10 d?u trên th? thành viên.
T?ng m?t voucher gi?m giá 50% cho khách hàng khi check-in và chia s? bài vi?t v? c?a hàng cà phê THE SPACE COFFEE trên Facebook ho?c Instagram.
Ðây là nh?ng uu dãi vô cùng h?p d?n mà b?n không nên b? l?. Hãy nhanh chóng d?n v?i c?a hàng cà phê THE SPACE COFFEE d? thu?ng th?c nh?ng ly cà phê ngon tuy?t và khám phá không gian vu tr? d?c dáo. C?a hàng cà phê THE SPACE COFFEE luôn chào dón b?n v?i s? ph?c v? t?n tâm và chuyên nghi?p.', N'tt00002.jpg')
INSERT [dbo].[tbTinTuc] ([MaTinTuc], [TieuDe], [NgayDang], [NoiDung], [HinhAnh]) VALUES (3, N'Thu giãn và t?n hu?ng ly cà phê ngon', CAST(N'2023-01-22' AS Date), N'B?n dang tìm ki?m m?t noi d? thu giãn và t?n hu?ng ly cà phê ngon? Hãy d?n v?i THE SPACE COFFEE, c?a hàng cà phê m?i m? t?i s? 3 ph? C?u Gi?y, qu?n Ð?ng Ða. THE SPACE COFFEE là m?t không gian hi?n d?i và sang tr?ng, v?i thi?t k? n?i th?t theo phong cách vu tr?. B?n s? du?c chiêm ngu?ng nh?ng hình ?nh d?p m?t c?a các hành tinh, sao và thiên hà trên các b?c tu?ng và tr?n nhà. Bên c?nh dó, b?n cung có th? thu?ng th?c nh?ng món cà phê d?c bi?t c?a THE SPACE COFFEE, nhu Milky Way Latte, Galaxy Frappe hay Starry Night Mocha. Các món cà phê c?a THE SPACE COFFEE du?c pha ch? t? nh?ng h?t cà phê ch?t lu?ng cao, mang d?n cho b?n huong v? thom ngon và d?m dà. Ngoài ra, b?n cung có th? th? nh?ng món bánh ng?t và d? an nh? h?p d?n khác t?i THE SPACE COFFEE. Hãy d?n v?i THE SPACE COFFEE d? có nh?ng giây phút thu giãn và t?n hu?ng không gian vu tr? tuy?t v?i. THE SPACE COFFEE - Cà phê không gi?i h?n!', N'tt00003.jpg')
INSERT [dbo].[tbTinTuc] ([MaTinTuc], [TieuDe], [NgayDang], [NoiDung], [HinhAnh]) VALUES (4, N'Mùa hè d?n r?i', CAST(N'2023-01-22' AS Date), N'Mùa hè d?n r?i, b?n dã có k? ho?ch gì d? gi?i nhi?t chua? N?u b?n dang tìm ki?m m?t noi d? tr?n kh?i cái nóng oi b?c c?a thành ph?, hãy d?n v?i THE SPACE COFFEE, c?a hàng cà phê vu tr? d?c dáo và l? m?t. T?i dây, b?n s? du?c thu?ng th?c nh?ng ly cà phê mát l?nh và ngon mi?ng, nhu Galaxy Frappe, Starry Night Mocha hay Milky Way Latte. B?n cung có th? ch?n nh?ng món d? u?ng khác nhu trà s?a, sinh t? hay nu?c ép trái cây. Không ch? v?y, b?n còn du?c ng?m nhìn nh?ng hình ?nh tuy?t d?p c?a vu tr? trên các b?c tu?ng và tr?n nhà, t?o cho b?n c?m giác nhu dang l?c vào m?t th? gi?i khác. THE SPACE COFFEE còn có không gian r?ng rãi và thoáng mát, phù h?p cho b?n t? t?p cùng b?n bè hay làm vi?c. Hãy d?n v?i THE SPACE COFFEE d? có nh?ng tr?i nghi?m thú v? và khác bi?t trong mùa hè này. THE SPACE COFFEE - Cà phê không gi?i h?n!', N'tt00004.jpg')
SET IDENTITY_INSERT [dbo].[tbTinTuc] OFF
GO
